MACHINE,MODE,BATCH_SIZE,OPERATION,RUNNING TIME,LOG TIME,NOTE
Jetson TK1,GPU,1,mean step time,22.10545539855957,2015-07-07 20:16:13.202361,
Jetson TK1,GPU,1,loss,7.437586784362793,2015-07-07 20:16:13.202361,
Jetson TK1,GPU,1,relu3,7.9209804534912109,2015-07-07 20:16:13.202361,
Jetson TK1,GPU,1,relu2,9.7686052322387695,2015-07-07 20:16:13.202361,
Jetson TK1,GPU,1,relu1,9.8320245742797852,2015-07-07 20:16:13.202361,
Jetson TK1,GPU,1,conv3,9.2889070510864258,2015-07-07 20:16:13.202361,
Jetson TK1,GPU,1,conv2,10.402560234069824,2015-07-07 20:16:13.202361,
Jetson TK1,GPU,1,conv1,12.278556823730469,2015-07-07 20:16:13.202361,
Jetson TK1,GPU,1,ip1,8.2966089248657227,2015-07-07 20:16:13.202361,
Jetson TK1,GPU,1,first step time,1250.3759860992432,2015-07-07 20:16:13.202361,
Jetson TK1,GPU,1,norm2,10.732650756835938,2015-07-07 20:16:13.202361,
Jetson TK1,GPU,1,pool3,8.3519220352172852,2015-07-07 20:16:13.202361,
Jetson TK1,GPU,1,pool2,10.357022285461426,2015-07-07 20:16:13.202361,
Jetson TK1,GPU,1,pool1,9.8475217819213867,2015-07-07 20:16:13.202361,
Jetson TK1,GPU,1,data,13.622641563415527,2015-07-07 20:16:13.202361,
Jetson TK1,GPU,1,norm1,10.000944137573242,2015-07-07 20:16:13.202361,
Jetson TK1,CPU,1,mean step time,31.104445457458496,2015-07-07 20:16:15.332291,
Jetson TK1,CPU,1,loss,0.45859813690185547,2015-07-07 20:16:15.332291,
Jetson TK1,CPU,1,relu3,0.55408477783203125,2015-07-07 20:16:15.332291,
Jetson TK1,CPU,1,relu2,3.6470890045166016,2015-07-07 20:16:15.332291,
Jetson TK1,CPU,1,relu1,10.735392570495605,2015-07-07 20:16:15.332291,
Jetson TK1,CPU,1,conv3,3.0425786972045898,2015-07-07 20:16:15.332291,
Jetson TK1,CPU,1,conv2,8.147120475769043,2015-07-07 20:16:15.332291,
Jetson TK1,CPU,1,conv1,13.410449028015137,2015-07-07 20:16:15.332291,
Jetson TK1,CPU,1,ip1,0.47361850738525391,2015-07-07 20:16:15.332291,
Jetson TK1,CPU,1,first step time,1341.3491249084473,2015-07-07 20:16:15.332291,
Jetson TK1,CPU,1,norm2,3.5330057144165039,2015-07-07 20:16:15.332291,
Jetson TK1,CPU,1,pool3,0.51212310791015625,2015-07-07 20:16:15.332291,
Jetson TK1,CPU,1,pool2,3.5420656204223633,2015-07-07 20:16:15.332291,
Jetson TK1,CPU,1,pool1,11.304497718811035,2015-07-07 20:16:15.332291,
Jetson TK1,CPU,1,data,13.738393783569336,2015-07-07 20:16:15.332291,
Jetson TK1,CPU,1,norm1,10.646462440490723,2015-07-07 20:16:15.332291,
Jetson TK1,GPU,2,mean step time,26.611924171447754,2015-07-07 20:16:17.707962,
Jetson TK1,GPU,2,loss,7.6149702072143555,2015-07-07 20:16:17.707962,
Jetson TK1,GPU,2,relu3,9.2765092849731445,2015-07-07 20:16:17.707962,
Jetson TK1,GPU,2,relu2,10.470986366271973,2015-07-07 20:16:17.707962,
Jetson TK1,GPU,2,relu1,11.833071708679199,2015-07-07 20:16:17.707962,
Jetson TK1,GPU,2,conv3,10.111093521118164,2015-07-07 20:16:17.707962,
Jetson TK1,GPU,2,conv2,12.815952301025391,2015-07-07 20:16:17.707962,
Jetson TK1,GPU,2,conv1,12.146472930908203,2015-07-07 20:16:17.707962,
Jetson TK1,GPU,2,ip1,9.7800493240356445,2015-07-07 20:16:17.707962,
Jetson TK1,GPU,2,first step time,1553.6279678344727,2015-07-07 20:16:17.707962,
Jetson TK1,GPU,2,norm2,10.88261604309082,2015-07-07 20:16:17.707962,
Jetson TK1,GPU,2,pool3,9.7849369049072266,2015-07-07 20:16:17.707962,
Jetson TK1,GPU,2,pool2,10.681033134460449,2015-07-07 20:16:17.707962,
Jetson TK1,GPU,2,pool1,11.142492294311523,2015-07-07 20:16:17.707962,
Jetson TK1,GPU,2,data,12.030959129333496,2015-07-07 20:16:17.707962,
Jetson TK1,GPU,2,norm1,12.325048446655273,2015-07-07 20:16:17.707962,
Jetson TK1,CPU,2,mean step time,60.573458671569824,2015-07-07 20:16:21.368711,
Jetson TK1,CPU,2,loss,0.46455860137939453,2015-07-07 20:16:21.368711,
Jetson TK1,CPU,2,relu3,0.63252449035644531,2015-07-07 20:16:21.368711,
Jetson TK1,CPU,2,relu2,6.7859888076782227,2015-07-07 20:16:21.368711,
Jetson TK1,CPU,2,relu1,20.542025566101074,2015-07-07 20:16:21.368711,
Jetson TK1,CPU,2,conv3,5.2635669708251953,2015-07-07 20:16:21.368711,
Jetson TK1,CPU,2,conv2,15.525102615356445,2015-07-07 20:16:21.368711,
Jetson TK1,CPU,2,conv1,25.834441184997559,2015-07-07 20:16:21.368711,
Jetson TK1,CPU,2,ip1,0.49293041229248047,2015-07-07 20:16:21.368711,
Jetson TK1,CPU,2,first step time,2660.414934158325,2015-07-07 20:16:21.368711,
Jetson TK1,CPU,2,norm2,6.4680576324462891,2015-07-07 20:16:21.368711,
Jetson TK1,CPU,2,pool3,0.56898593902587891,2015-07-07 20:16:21.368711,
Jetson TK1,CPU,2,pool2,6.5569877624511719,2015-07-07 20:16:21.368711,
Jetson TK1,CPU,2,pool1,22.009134292602539,2015-07-07 20:16:21.368711,
Jetson TK1,CPU,2,data,26.499152183532715,2015-07-07 20:16:21.368711,
Jetson TK1,CPU,2,norm1,20.423054695129395,2015-07-07 20:16:21.368711,
Jetson TK1,GPU,4,mean step time,30.978918075561523,2015-07-07 20:16:23.663263,
Jetson TK1,GPU,4,loss,4.0066242218017578,2015-07-07 20:16:23.663263,
Jetson TK1,GPU,4,relu3,4.1519403457641602,2015-07-07 20:16:23.663263,
Jetson TK1,GPU,4,relu2,7.3004961013793945,2015-07-07 20:16:23.663263,
Jetson TK1,GPU,4,relu1,10.375499725341797,2015-07-07 20:16:23.663263,
Jetson TK1,GPU,4,conv3,5.7145357131958008,2015-07-07 20:16:23.663263,
Jetson TK1,GPU,4,conv2,9.4408988952636719,2015-07-07 20:16:23.663263,
Jetson TK1,GPU,4,conv1,12.162089347839355,2015-07-07 20:16:23.663263,
Jetson TK1,GPU,4,ip1,4.4000148773193359,2015-07-07 20:16:23.663263,
Jetson TK1,GPU,4,first step time,1537.660837173462,2015-07-07 20:16:23.663263,
Jetson TK1,GPU,4,norm2,7.6009035110473633,2015-07-07 20:16:23.663263,
Jetson TK1,GPU,4,pool3,4.4804811477661133,2015-07-07 20:16:23.663263,
Jetson TK1,GPU,4,pool2,7.0750713348388672,2015-07-07 20:16:23.663263,
Jetson TK1,GPU,4,pool1,10.69939136505127,2015-07-07 20:16:23.663263,
Jetson TK1,GPU,4,data,16.657114028930664,2015-07-07 20:16:23.663263,
Jetson TK1,GPU,4,norm1,10.432004928588867,2015-07-07 20:16:23.663263,
Jetson TK1,CPU,4,mean step time,119.27855014801025,2015-07-07 20:16:30.309950,
Jetson TK1,CPU,4,loss,0.47051906585693359,2015-07-07 20:16:30.309950,
Jetson TK1,CPU,4,relu3,0.80394744873046875,2015-07-07 20:16:30.309950,
Jetson TK1,CPU,4,relu2,12.883901596069336,2015-07-07 20:16:30.309950,
Jetson TK1,CPU,4,relu1,40.207028388977051,2015-07-07 20:16:30.309950,
Jetson TK1,CPU,4,conv3,10.088086128234863,2015-07-07 20:16:30.309950,
Jetson TK1,CPU,4,conv2,30.30097484588623,2015-07-07 20:16:30.309950,
Jetson TK1,CPU,4,conv1,51.023006439208984,2015-07-07 20:16:30.309950,
Jetson TK1,CPU,4,ip1,0.54085254669189453,2015-07-07 20:16:30.309950,
Jetson TK1,CPU,4,first step time,5259.110927581787,2015-07-07 20:16:30.309950,
Jetson TK1,CPU,4,norm2,12.369513511657715,2015-07-07 20:16:30.309950,
Jetson TK1,CPU,4,pool3,0.68438053131103516,2015-07-07 20:16:30.309950,
Jetson TK1,CPU,4,pool2,12.637972831726074,2015-07-07 20:16:30.309950,
Jetson TK1,CPU,4,pool1,43.180942535400391,2015-07-07 20:16:30.309950,
Jetson TK1,CPU,4,data,51.271438598632812,2015-07-07 20:16:30.309950,
Jetson TK1,CPU,4,norm1,39.976596832275391,2015-07-07 20:16:30.309950,
Jetson TK1,GPU,8,mean step time,26.415467262268066,2015-07-07 20:16:33.265829,
Jetson TK1,GPU,8,loss,3.68499755859375,2015-07-07 20:16:33.265829,
Jetson TK1,GPU,8,relu3,4.3090581893920898,2015-07-07 20:16:33.265829,
Jetson TK1,GPU,8,relu2,8.4340572357177734,2015-07-07 20:16:33.265829,
Jetson TK1,GPU,8,relu1,15.06340503692627,2015-07-07 20:16:33.265829,
Jetson TK1,GPU,8,conv3,6.8744421005249023,2015-07-07 20:16:33.265829,
Jetson TK1,GPU,8,conv2,13.314604759216309,2015-07-07 20:16:33.265829,
Jetson TK1,GPU,8,conv1,13.524413108825684,2015-07-07 20:16:33.265829,
Jetson TK1,GPU,8,ip1,4.6914815902709961,2015-07-07 20:16:33.265829,
Jetson TK1,GPU,8,first step time,2129.8840045928955,2015-07-07 20:16:33.265829,
Jetson TK1,GPU,8,norm2,8.1543922424316406,2015-07-07 20:16:33.265829,
Jetson TK1,GPU,8,pool3,4.6736001968383789,2015-07-07 20:16:33.265829,
Jetson TK1,GPU,8,pool2,8.6950063705444336,2015-07-07 20:16:33.265829,
Jetson TK1,GPU,8,pool1,14.749646186828613,2015-07-07 20:16:33.265829,
Jetson TK1,GPU,8,data,14.011859893798828,2015-07-07 20:16:33.265829,
Jetson TK1,GPU,8,norm1,15.656948089599609,2015-07-07 20:16:33.265829,
Jetson TK1,CPU,8,mean step time,256.7894458770752,2015-07-07 20:16:45.995799,
Jetson TK1,CPU,8,loss,0.63359737396240234,2015-07-07 20:16:45.995799,
Jetson TK1,CPU,8,relu3,1.2335777282714844,2015-07-07 20:16:45.995799,
Jetson TK1,CPU,8,relu2,25.163173675537109,2015-07-07 20:16:45.995799,
Jetson TK1,CPU,8,relu1,79.310894012451172,2015-07-07 20:16:45.995799,
Jetson TK1,CPU,8,conv3,19.744157791137695,2015-07-07 20:16:45.995799,
Jetson TK1,CPU,8,conv2,59.643387794494629,2015-07-07 20:16:45.995799,
Jetson TK1,CPU,8,conv1,100.73554515838623,2015-07-07 20:16:45.995799,
Jetson TK1,CPU,8,ip1,0.6999969482421875,2015-07-07 20:16:45.995799,
Jetson TK1,CPU,8,first step time,10460.295915603638,2015-07-07 20:16:45.995799,
Jetson TK1,CPU,8,norm2,24.118900299072266,2015-07-07 20:16:45.995799,
Jetson TK1,CPU,8,pool3,0.86307525634765625,2015-07-07 20:16:45.995799,
Jetson TK1,CPU,8,pool2,24.685502052307129,2015-07-07 20:16:45.995799,
Jetson TK1,CPU,8,pool1,85.294008255004883,2015-07-07 20:16:45.995799,
Jetson TK1,CPU,8,data,101.44948959350586,2015-07-07 20:16:45.995799,
Jetson TK1,CPU,8,norm1,79.027533531188965,2015-07-07 20:16:45.995799,
Jetson TK1,GPU,10,mean step time,40.953874588012695,2015-07-07 20:16:48.654298,
Jetson TK1,GPU,10,loss,4.6494007110595703,2015-07-07 20:16:48.654298,
Jetson TK1,GPU,10,relu3,7.1675777435302734,2015-07-07 20:16:48.654298,
Jetson TK1,GPU,10,relu2,9.4645023345947266,2015-07-07 20:16:48.654298,
Jetson TK1,GPU,10,relu1,16.092538833618164,2015-07-07 20:16:48.654298,
Jetson TK1,GPU,10,conv3,8.3110332489013672,2015-07-07 20:16:48.654298,
Jetson TK1,GPU,10,conv2,14.750957489013672,2015-07-07 20:16:48.654298,
Jetson TK1,GPU,10,conv1,15.14744758605957,2015-07-07 20:16:48.654298,
Jetson TK1,GPU,10,ip1,7.0788860321044922,2015-07-07 20:16:48.654298,
Jetson TK1,GPU,10,first step time,1807.6670169830322,2015-07-07 20:16:48.654298,
Jetson TK1,GPU,10,norm2,7.6005458831787109,2015-07-07 20:16:48.654298,
Jetson TK1,GPU,10,pool3,6.6350698471069336,2015-07-07 20:16:48.654298,
Jetson TK1,GPU,10,pool2,11.121153831481934,2015-07-07 20:16:48.654298,
Jetson TK1,GPU,10,pool1,15.901565551757812,2015-07-07 20:16:48.654298,
Jetson TK1,GPU,10,data,14.97495174407959,2015-07-07 20:16:48.654298,
Jetson TK1,GPU,10,norm1,14.422059059143066,2015-07-07 20:16:48.654298,
Jetson TK1,CPU,10,mean step time,315.55807590484619,2015-07-07 20:17:04.328113,
Jetson TK1,CPU,10,loss,0.48458576202392578,2015-07-07 20:17:04.328113,
Jetson TK1,CPU,10,relu3,1.2284517288208008,2015-07-07 20:17:04.328113,
Jetson TK1,CPU,10,relu2,31.241416931152344,2015-07-07 20:17:04.328113,
Jetson TK1,CPU,10,relu1,98.809003829956055,2015-07-07 20:17:04.328113,
Jetson TK1,CPU,10,conv3,24.301409721374512,2015-07-07 20:17:04.328113,
Jetson TK1,CPU,10,conv2,74.370026588439941,2015-07-07 20:17:04.328113,
Jetson TK1,CPU,10,conv1,125.52595138549805,2015-07-07 20:17:04.328113,
Jetson TK1,CPU,10,ip1,0.59843063354492188,2015-07-07 20:17:04.328113,
Jetson TK1,CPU,10,first step time,13050.469160079956,2015-07-07 20:17:04.328113,
Jetson TK1,CPU,10,norm2,30.047416687011719,2015-07-07 20:17:04.328113,
Jetson TK1,CPU,10,pool3,1.0905265808105469,2015-07-07 20:17:04.328113,
Jetson TK1,CPU,10,pool2,30.641555786132812,2015-07-07 20:17:04.328113,
Jetson TK1,CPU,10,pool1,106.31346702575684,2015-07-07 20:17:04.328113,
Jetson TK1,CPU,10,data,126.40547752380371,2015-07-07 20:17:04.328113,
Jetson TK1,CPU,10,norm1,98.457932472229004,2015-07-07 20:17:04.328113,
Jetson TK1,GPU,16,mean step time,46.488046646118164,2015-07-07 20:17:07.968635,
Jetson TK1,GPU,16,loss,2.6845932006835938,2015-07-07 20:17:07.968635,
Jetson TK1,GPU,16,relu3,3.4219026565551758,2015-07-07 20:17:07.968635,
Jetson TK1,GPU,16,relu2,10.040044784545898,2015-07-07 20:17:07.968635,
Jetson TK1,GPU,16,relu1,17.570018768310547,2015-07-07 20:17:07.968635,
Jetson TK1,GPU,16,conv3,7.8516006469726562,2015-07-07 20:17:07.968635,
Jetson TK1,GPU,16,conv2,15.9149169921875,2015-07-07 20:17:07.968635,
Jetson TK1,GPU,16,conv1,16.826033592224121,2015-07-07 20:17:07.968635,
Jetson TK1,GPU,16,ip1,3.0934810638427734,2015-07-07 20:17:07.968635,
Jetson TK1,GPU,16,first step time,2743.577003479004,2015-07-07 20:17:07.968635,
Jetson TK1,GPU,16,norm2,9.0684890747070312,2015-07-07 20:17:07.968635,
Jetson TK1,GPU,16,pool3,3.59344482421875,2015-07-07 20:17:07.968635,
Jetson TK1,GPU,16,pool2,9.007573127746582,2015-07-07 20:17:07.968635,
Jetson TK1,GPU,16,pool1,16.955971717834473,2015-07-07 20:17:07.968635,
Jetson TK1,GPU,16,data,18.195509910583496,2015-07-07 20:17:07.968635,
Jetson TK1,GPU,16,norm1,16.38340950012207,2015-07-07 20:17:07.968635,
Jetson TK1,CPU,16,mean step time,471.30703926086426,2015-07-07 20:17:32.776256,
Jetson TK1,CPU,16,loss,0.50044059753417969,2015-07-07 20:17:32.776256,
Jetson TK1,CPU,16,relu3,1.9004344940185547,2015-07-07 20:17:32.776256,
Jetson TK1,CPU,16,relu2,49.701571464538574,2015-07-07 20:17:32.776256,
Jetson TK1,CPU,16,relu1,157.65345096588135,2015-07-07 20:17:32.776256,
Jetson TK1,CPU,16,conv3,38.839101791381836,2015-07-07 20:17:32.776256,
Jetson TK1,CPU,16,conv2,118.32952499389648,2015-07-07 20:17:32.776256,
Jetson TK1,CPU,16,conv1,201.20549201965332,2015-07-07 20:17:32.776256,
Jetson TK1,CPU,16,ip1,0.65791606903076172,2015-07-07 20:17:32.776256,
Jetson TK1,CPU,16,first step time,20889.995098114014,2015-07-07 20:17:32.776256,
Jetson TK1,CPU,16,norm2,68.174481391906738,2015-07-07 20:17:32.776256,
Jetson TK1,CPU,16,pool3,1.2395381927490234,2015-07-07 20:17:32.776256,
Jetson TK1,CPU,16,pool2,48.838615417480469,2015-07-07 20:17:32.776256,
Jetson TK1,CPU,16,pool1,169.89791393280029,2015-07-07 20:17:32.776256,
Jetson TK1,CPU,16,data,222.40650653839111,2015-07-07 20:17:32.776256,
Jetson TK1,CPU,16,norm1,157.28449821472168,2015-07-07 20:17:32.776256,
Jetson TK1,GPU,20,mean step time,63.784480094909668,2015-07-07 20:17:36.970945,
Jetson TK1,GPU,20,loss,2.7589797973632812,2015-07-07 20:17:36.970945,
Jetson TK1,GPU,20,relu3,3.2675266265869141,2015-07-07 20:17:36.970945,
Jetson TK1,GPU,20,relu2,10.453939437866211,2015-07-07 20:17:36.970945,
Jetson TK1,GPU,20,relu1,19.101858139038086,2015-07-07 20:17:36.970945,
Jetson TK1,GPU,20,conv3,6.526947021484375,2015-07-07 20:17:36.970945,
Jetson TK1,GPU,20,conv2,17.68791675567627,2015-07-07 20:17:36.970945,
Jetson TK1,GPU,20,conv1,24.854540824890137,2015-07-07 20:17:36.970945,
Jetson TK1,GPU,20,ip1,3.104090690612793,2015-07-07 20:17:36.970945,
Jetson TK1,GPU,20,first step time,3225.1691818237305,2015-07-07 20:17:36.970945,
Jetson TK1,GPU,20,norm2,7.6401233673095703,2015-07-07 20:17:36.970945,
Jetson TK1,GPU,20,pool3,3.1419992446899414,2015-07-07 20:17:36.970945,
Jetson TK1,GPU,20,pool2,8.1336498260498047,2015-07-07 20:17:36.970945,
Jetson TK1,GPU,20,pool1,17.467975616455078,2015-07-07 20:17:36.970945,
Jetson TK1,GPU,20,data,42.296528816223145,2015-07-07 20:17:36.970945,
Jetson TK1,GPU,20,norm1,19.36495304107666,2015-07-07 20:17:36.970945,
Jetson TK1,CPU,20,mean step time,610.90695858001709,2015-07-07 20:18:07.975795,
Jetson TK1,CPU,20,loss,0.51605701446533203,2015-07-07 20:18:07.975795,
Jetson TK1,CPU,20,relu3,1.999974250793457,2015-07-07 20:18:07.975795,
Jetson TK1,CPU,20,relu2,61.789035797119141,2015-07-07 20:18:07.975795,
Jetson TK1,CPU,20,relu1,216.1409854888916,2015-07-07 20:18:07.975795,
Jetson TK1,CPU,20,conv3,48.920869827270508,2015-07-07 20:18:07.975795,
Jetson TK1,CPU,20,conv2,147.54462242126465,2015-07-07 20:18:07.975795,
Jetson TK1,CPU,20,conv1,250.94592571258545,2015-07-07 20:18:07.975795,
Jetson TK1,CPU,20,ip1,0.6885528564453125,2015-07-07 20:18:07.975795,
Jetson TK1,CPU,20,first step time,26227.852821350098,2015-07-07 20:18:07.975795,
Jetson TK1,CPU,20,norm2,59.453010559082031,2015-07-07 20:18:07.975795,
Jetson TK1,CPU,20,pool3,1.3794898986816406,2015-07-07 20:18:07.975795,
Jetson TK1,CPU,20,pool2,60.675501823425293,2015-07-07 20:18:07.975795,
Jetson TK1,CPU,20,pool1,211.48300170898438,2015-07-07 20:18:07.975795,
Jetson TK1,CPU,20,data,251.79147720336914,2015-07-07 20:18:07.975795,
Jetson TK1,CPU,20,norm1,195.51801681518555,2015-07-07 20:18:07.975795,
Jetson TK1,GPU,32,mean step time,158.55801105499268,2015-07-07 20:18:13.126028,
Jetson TK1,GPU,32,loss,2.4039745330810547,2015-07-07 20:18:13.126028,
Jetson TK1,GPU,32,relu3,3.2684803009033203,2015-07-07 20:18:13.126028,
Jetson TK1,GPU,32,relu2,15.764951705932617,2015-07-07 20:18:13.126028,
Jetson TK1,GPU,32,relu1,28.177022933959961,2015-07-07 20:18:13.126028,
Jetson TK1,GPU,32,conv3,10.995030403137207,2015-07-07 20:18:13.126028,
Jetson TK1,GPU,32,conv2,25.150537490844727,2015-07-07 20:18:13.126028,
Jetson TK1,GPU,32,conv1,31.668901443481445,2015-07-07 20:18:13.126028,
Jetson TK1,GPU,32,ip1,2.965092658996582,2015-07-07 20:18:13.126028,
Jetson TK1,GPU,32,first step time,4263.613939285278,2015-07-07 20:18:13.126028,
Jetson TK1,GPU,32,norm2,14.117598533630371,2015-07-07 20:18:13.126028,
Jetson TK1,GPU,32,pool3,3.1900405883789062,2015-07-07 20:18:13.126028,
Jetson TK1,GPU,32,pool2,16.098499298095703,2015-07-07 20:18:13.126028,
Jetson TK1,GPU,32,pool1,28.06246280670166,2015-07-07 20:18:13.126028,
Jetson TK1,GPU,32,data,50.295472145080566,2015-07-07 20:18:13.126028,
Jetson TK1,GPU,32,norm1,24.96647834777832,2015-07-07 20:18:13.126028,
Jetson TK1,CPU,32,mean step time,966.13657474517822,2015-07-07 20:19:01.811627,
Jetson TK1,CPU,32,loss,0.54800510406494141,2015-07-07 20:19:01.811627,
Jetson TK1,CPU,32,relu3,2.9435157775878906,2015-07-07 20:19:01.811627,
Jetson TK1,CPU,32,relu2,98.330020904541016,2015-07-07 20:19:01.811627,
Jetson TK1,CPU,32,relu1,313.51494789123535,2015-07-07 20:19:01.811627,
Jetson TK1,CPU,32,conv3,77.015995979309082,2015-07-07 20:19:01.811627,
Jetson TK1,CPU,32,conv2,256.80148601531982,2015-07-07 20:19:01.811627,
Jetson TK1,CPU,32,conv1,401.42405033111572,2015-07-07 20:19:01.811627,
Jetson TK1,CPU,32,ip1,0.83494186401367188,2015-07-07 20:19:01.811627,
Jetson TK1,CPU,32,first step time,41857.17487335205,2015-07-07 20:19:01.811627,
Jetson TK1,CPU,32,norm2,94.876885414123535,2015-07-07 20:19:01.811627,
Jetson TK1,CPU,32,pool3,1.9729137420654297,2015-07-07 20:19:01.811627,
Jetson TK1,CPU,32,pool2,96.464991569519043,2015-07-07 20:19:01.811627,
Jetson TK1,CPU,32,pool1,357.47301578521729,2015-07-07 20:19:01.811627,
Jetson TK1,CPU,32,data,402.28557586669922,2015-07-07 20:19:01.811627,
Jetson TK1,CPU,32,norm1,312.39557266235352,2015-07-07 20:19:01.811627,
Jetson TK1,GPU,50,mean step time,173.72047901153564,2015-07-07 20:19:13.153702,
Jetson TK1,GPU,50,loss,2.5115013122558594,2015-07-07 20:19:13.153702,
Jetson TK1,GPU,50,relu3,6.2185525894165039,2015-07-07 20:19:13.153702,
Jetson TK1,GPU,50,relu2,20.960450172424316,2015-07-07 20:19:13.153702,
Jetson TK1,GPU,50,relu1,60.088038444519043,2015-07-07 20:19:13.153702,
Jetson TK1,GPU,50,conv3,17.846941947937012,2015-07-07 20:19:13.153702,
Jetson TK1,GPU,50,conv2,51.218032836914062,2015-07-07 20:19:13.153702,
Jetson TK1,GPU,50,conv1,58.43651294708252,2015-07-07 20:19:13.153702,
Jetson TK1,GPU,50,ip1,6.7554712295532227,2015-07-07 20:19:13.153702,
Jetson TK1,GPU,50,first step time,9998.3389377594,2015-07-07 20:19:13.153702,
Jetson TK1,GPU,50,norm2,19.530057907104492,2015-07-07 20:19:13.153702,
Jetson TK1,GPU,50,pool3,8.4899663925170898,2015-07-07 20:19:13.153702,
Jetson TK1,GPU,50,pool2,22.755980491638184,2015-07-07 20:19:13.153702,
Jetson TK1,GPU,50,pool1,45.812606811523438,2015-07-07 20:19:13.153702,
Jetson TK1,GPU,50,data,82.266926765441895,2015-07-07 20:19:13.153702,
Jetson TK1,GPU,50,norm1,63.907980918884277,2015-07-07 20:19:13.153702,
Jetson TK1,CPU,50,mean step time,1536.5264415740967,2015-07-07 20:20:29.418140,
Jetson TK1,CPU,50,loss,0.59354305267333984,2015-07-07 20:20:29.418140,
Jetson TK1,CPU,50,relu3,4.2554140090942383,2015-07-07 20:20:29.418140,
Jetson TK1,CPU,50,relu2,154.73806858062744,2015-07-07 20:20:29.418140,
Jetson TK1,CPU,50,relu1,493.82102489471436,2015-07-07 20:20:29.418140,
Jetson TK1,CPU,50,conv3,120.46647071838379,2015-07-07 20:20:29.418140,
Jetson TK1,CPU,50,conv2,370.24402618408203,2015-07-07 20:20:29.418140,
Jetson TK1,CPU,50,conv1,628.33654880523682,2015-07-07 20:20:29.418140,
Jetson TK1,CPU,50,ip1,1.0199546813964844,2015-07-07 20:20:29.418140,
Jetson TK1,CPU,50,first step time,65505.40113449097,2015-07-07 20:20:29.418140,
Jetson TK1,CPU,50,norm2,149.23655986785889,2015-07-07 20:20:29.418140,
Jetson TK1,CPU,50,pool3,2.8100013732910156,2015-07-07 20:20:29.418140,
Jetson TK1,CPU,50,pool2,171.98002338409424,2015-07-07 20:20:29.418140,
Jetson TK1,CPU,50,pool1,554.16154861450195,2015-07-07 20:20:29.418140,
Jetson TK1,CPU,50,data,652.07302570343018,2015-07-07 20:20:29.418140,
Jetson TK1,CPU,50,norm1,510.55347919464111,2015-07-07 20:20:29.418140,
Jetson TK1,GPU,64,mean step time,231.9486141204834,2015-07-07 20:20:42.429749,
Jetson TK1,GPU,64,loss,3.0084848403930664,2015-07-07 20:20:42.429749,
Jetson TK1,GPU,64,relu3,4.2625665664672852,2015-07-07 20:20:42.429749,
Jetson TK1,GPU,64,relu2,31.726598739624023,2015-07-07 20:20:42.429749,
Jetson TK1,GPU,64,relu1,101.69398784637451,2015-07-07 20:20:42.429749,
Jetson TK1,GPU,64,conv3,22.496461868286133,2015-07-07 20:20:42.429749,
Jetson TK1,GPU,64,conv2,93.096494674682617,2015-07-07 20:20:42.429749,
Jetson TK1,GPU,64,conv1,102.01001167297363,2015-07-07 20:20:42.429749,
Jetson TK1,GPU,64,ip1,3.8440227508544922,2015-07-07 20:20:42.429749,
Jetson TK1,GPU,64,first step time,10999.600887298584,2015-07-07 20:20:42.429749,
Jetson TK1,GPU,64,norm2,26.38554573059082,2015-07-07 20:20:42.429749,
Jetson TK1,GPU,64,pool3,4.1528940200805664,2015-07-07 20:20:42.429749,
Jetson TK1,GPU,64,pool2,31.318426132202148,2015-07-07 20:20:42.429749,
Jetson TK1,GPU,64,pool1,104.40552234649658,2015-07-07 20:20:42.429749,
Jetson TK1,GPU,64,data,129.21404838562012,2015-07-07 20:20:42.429749,
Jetson TK1,GPU,64,norm1,81.715941429138184,2015-07-07 20:20:42.429749,
Jetson TK1,CPU,64,mean step time,1932.7369928359985,2015-07-07 20:22:19.854971,
Jetson TK1,CPU,64,loss,0.78952312469482422,2015-07-07 20:22:19.854971,
Jetson TK1,CPU,64,relu3,5.3875446319580078,2015-07-07 20:22:19.854971,
Jetson TK1,CPU,64,relu2,215.98994731903076,2015-07-07 20:22:19.854971,
Jetson TK1,CPU,64,relu1,629.3489933013916,2015-07-07 20:22:19.854971,
Jetson TK1,CPU,64,conv3,153.22196483612061,2015-07-07 20:22:19.854971,
Jetson TK1,CPU,64,conv2,469.68841552734375,2015-07-07 20:22:19.854971,
Jetson TK1,CPU,64,conv1,822.29697704315186,2015-07-07 20:22:19.854971,
Jetson TK1,CPU,64,ip1,1.2044906616210938,2015-07-07 20:22:19.854971,
Jetson TK1,CPU,64,first step time,83794.45695877075,2015-07-07 20:22:19.854971,
Jetson TK1,CPU,64,norm2,188.58551979064941,2015-07-07 20:22:19.854971,
Jetson TK1,CPU,64,pool3,3.5725831985473633,2015-07-07 20:22:19.854971,
Jetson TK1,CPU,64,pool2,192.06249713897705,2015-07-07 20:22:19.854971,
Jetson TK1,CPU,64,pool1,695.00553607940674,2015-07-07 20:22:19.854971,
Jetson TK1,CPU,64,data,825.78146457672119,2015-07-07 20:22:19.854971,
Jetson TK1,CPU,64,norm1,642.68052577972412,2015-07-07 20:22:19.854971,
Jetson TK1,GPU,100,mean step time,341.81559085845947,2015-07-07 20:22:37.474003,
Jetson TK1,GPU,100,loss,2.4505853652954102,2015-07-07 20:22:37.474003,
Jetson TK1,GPU,100,relu3,3.8034915924072266,2015-07-07 20:22:37.474003,
Jetson TK1,GPU,100,relu2,43.143510818481445,2015-07-07 20:22:37.474003,
Jetson TK1,GPU,100,relu1,87.597012519836426,2015-07-07 20:22:37.474003,
Jetson TK1,GPU,100,conv3,30.678391456604004,2015-07-07 20:22:37.474003,
Jetson TK1,GPU,100,conv2,75.814604759216309,2015-07-07 20:22:37.474003,
Jetson TK1,GPU,100,conv1,137.21990585327148,2015-07-07 20:22:37.474003,
Jetson TK1,GPU,100,ip1,2.9305219650268555,2015-07-07 20:22:37.474003,
Jetson TK1,GPU,100,first step time,14998.59595298767,2015-07-07 20:22:37.474003,
Jetson TK1,GPU,100,norm2,34.69693660736084,2015-07-07 20:22:37.474003,
Jetson TK1,GPU,100,pool3,3.7125349044799805,2015-07-07 20:22:37.474003,
Jetson TK1,GPU,100,pool2,39.504528045654297,2015-07-07 20:22:37.474003,
Jetson TK1,GPU,100,pool1,178.50148677825928,2015-07-07 20:22:37.474003,
Jetson TK1,GPU,100,data,206.9624662399292,2015-07-07 20:22:37.474003,
Jetson TK1,GPU,100,norm1,84.13088321685791,2015-07-07 20:22:37.474003,
Jetson TK1,CPU,100,mean step time,3053.4915924072266,2015-07-07 20:25:10.555964,
Jetson TK1,CPU,100,loss,0.77605247497558594,2015-07-07 20:25:10.555964,
Jetson TK1,CPU,100,relu3,8.1559419631958008,2015-07-07 20:25:10.555964,
Jetson TK1,CPU,100,relu2,327.35192775726318,2015-07-07 20:25:10.555964,
Jetson TK1,CPU,100,relu1,1045.9713935852051,2015-07-07 20:25:10.555964,
Jetson TK1,CPU,100,conv3,239.45760726928711,2015-07-07 20:25:10.555964,
Jetson TK1,CPU,100,conv2,744.06647682189941,2015-07-07 20:25:10.555964,
Jetson TK1,CPU,100,conv1,1296.422004699707,2015-07-07 20:25:10.555964,
Jetson TK1,CPU,100,ip1,1.6145706176757812,2015-07-07 20:25:10.555964,
Jetson TK1,CPU,100,first step time,131541.54801368713,2015-07-07 20:25:10.555964,
Jetson TK1,CPU,100,norm2,294.42143440246582,2015-07-07 20:25:10.555964,
Jetson TK1,CPU,100,pool3,5.3294897079467773,2015-07-07 20:25:10.555964,
Jetson TK1,CPU,100,pool2,299.64601993560791,2015-07-07 20:25:10.555964,
Jetson TK1,CPU,100,pool1,1103.3065319061279,2015-07-07 20:25:10.555964,
Jetson TK1,CPU,100,data,1299.0955114364624,2015-07-07 20:25:10.555964,
Jetson TK1,CPU,100,norm1,1014.1844749450684,2015-07-07 20:25:10.555964,
Jetson TK1,GPU,100,mean step time,354.68852519989014,2015-07-07 20:25:28.494971,
Jetson TK1,GPU,100,loss,3.0934810638427734,2015-07-07 20:25:28.494971,
Jetson TK1,GPU,100,relu3,4.3416023254394531,2015-07-07 20:25:28.494971,
Jetson TK1,GPU,100,relu2,44.599056243896484,2015-07-07 20:25:28.494971,
Jetson TK1,GPU,100,relu1,113.8540506362915,2015-07-07 20:25:28.494971,
Jetson TK1,GPU,100,conv3,30.584454536437988,2015-07-07 20:25:28.494971,
Jetson TK1,GPU,100,conv2,120.10645866394043,2015-07-07 20:25:28.494971,
Jetson TK1,GPU,100,conv1,164.215087890625,2015-07-07 20:25:28.494971,
Jetson TK1,GPU,100,ip1,3.4655332565307617,2015-07-07 20:25:28.494971,
Jetson TK1,GPU,100,first step time,15042.904138565063,2015-07-07 20:25:28.494971,
Jetson TK1,GPU,100,norm2,35.763025283813477,2015-07-07 20:25:28.494971,
Jetson TK1,GPU,100,pool3,4.0295124053955078,2015-07-07 20:25:28.494971,
Jetson TK1,GPU,100,pool2,40.48001766204834,2015-07-07 20:25:28.494971,
Jetson TK1,GPU,100,pool1,125.43845176696777,2015-07-07 20:25:28.494971,
Jetson TK1,GPU,100,data,229.37405109405518,2015-07-07 20:25:28.494971,
Jetson TK1,GPU,100,norm1,131.25956058502197,2015-07-07 20:25:28.494971,
Jetson TK1,CPU,100,mean step time,3039.3109321594238,2015-07-07 20:28:01.097468,
Jetson TK1,CPU,100,loss,0.73492527008056641,2015-07-07 20:28:01.097468,
Jetson TK1,CPU,100,relu3,8.2800388336181641,2015-07-07 20:28:01.097468,
Jetson TK1,CPU,100,relu2,308.29155445098877,2015-07-07 20:28:01.097468,
Jetson TK1,CPU,100,relu1,1003.7384033203125,2015-07-07 20:28:01.097468,
Jetson TK1,CPU,100,conv3,261.46292686462402,2015-07-07 20:28:01.097468,
Jetson TK1,CPU,100,conv2,757.84754753112793,2015-07-07 20:28:01.097468,
Jetson TK1,CPU,100,conv1,1301.21910572052,2015-07-07 20:28:01.097468,
Jetson TK1,CPU,100,ip1,1.5990734100341797,2015-07-07 20:28:01.097468,
Jetson TK1,CPU,100,first step time,131207.43703842163,2015-07-07 20:28:01.097468,
Jetson TK1,CPU,100,norm2,298.19607734680176,2015-07-07 20:28:01.097468,
Jetson TK1,CPU,100,pool3,5.2094459533691406,2015-07-07 20:28:01.097468,
Jetson TK1,CPU,100,pool2,302.74450778961182,2015-07-07 20:28:01.097468,
Jetson TK1,CPU,100,pool1,1079.5290470123291,2015-07-07 20:28:01.097468,
Jetson TK1,CPU,100,data,1291.0010814666748,2015-07-07 20:28:01.097468,
Jetson TK1,CPU,100,norm1,997.139573097229,2015-07-07 20:28:01.097468,
Jetson TK1,GPU,150,mean step time,603.74093055725098,2015-07-07 20:28:29.508006,
Jetson TK1,GPU,150,loss,3.4950971603393555,2015-07-07 20:28:29.508006,
Jetson TK1,GPU,150,relu3,4.9738883972167969,2015-07-07 20:28:29.508006,
Jetson TK1,GPU,150,relu2,50.511479377746582,2015-07-07 20:28:29.508006,
Jetson TK1,GPU,150,relu1,176.91195011138916,2015-07-07 20:28:29.508006,
Jetson TK1,GPU,150,conv3,44.198989868164062,2015-07-07 20:28:29.508006,
Jetson TK1,GPU,150,conv2,150.31647682189941,2015-07-07 20:28:29.508006,
Jetson TK1,GPU,150,conv1,204.48541641235352,2015-07-07 20:28:29.508006,
Jetson TK1,GPU,150,ip1,4.1384696960449219,2015-07-07 20:28:29.508006,
Jetson TK1,GPU,150,first step time,23899.725914001465,2015-07-07 20:28:29.508006,
Jetson TK1,GPU,150,norm2,54.467916488647461,2015-07-07 20:28:29.508006,
Jetson TK1,GPU,150,pool3,4.4609308242797852,2015-07-07 20:28:29.508006,
Jetson TK1,GPU,150,pool2,57.479500770568848,2015-07-07 20:28:29.508006,
Jetson TK1,GPU,150,pool1,171.02456092834473,2015-07-07 20:28:29.508006,
Jetson TK1,GPU,150,data,302.21402645111084,2015-07-07 20:28:29.508006,
Jetson TK1,GPU,150,norm1,162.94896602630615,2015-07-07 20:28:29.508006,
Jetson TK1,CPU,150,mean step time,4517.4299478530884,2015-07-07 20:32:18.851637,
Jetson TK1,CPU,150,loss,0.86104869842529297,2015-07-07 20:32:18.851637,
Jetson TK1,CPU,150,relu3,11.97206974029541,2015-07-07 20:32:18.851637,
Jetson TK1,CPU,150,relu2,457.02254772186279,2015-07-07 20:32:18.851637,
Jetson TK1,CPU,150,relu1,1481.993556022644,2015-07-07 20:32:18.851637,
Jetson TK1,CPU,150,conv3,378.03351879119873,2015-07-07 20:32:18.851637,
Jetson TK1,CPU,150,conv2,1121.6748952865601,2015-07-07 20:32:18.851637,
Jetson TK1,CPU,150,conv1,1915.3950214385986,2015-07-07 20:32:18.851637,
Jetson TK1,CPU,150,ip1,2.1594762802124023,2015-07-07 20:32:18.851637,
Jetson TK1,CPU,150,first step time,197563.4410381317,2015-07-07 20:32:18.851637,
Jetson TK1,CPU,150,norm2,442.19005107879639,2015-07-07 20:32:18.851637,
Jetson TK1,CPU,150,pool3,7.4840784072875977,2015-07-07 20:32:18.851637,
Jetson TK1,CPU,150,pool2,468.46246719360352,2015-07-07 20:32:18.851637,
Jetson TK1,CPU,150,pool1,1616.3414716720581,2015-07-07 20:32:18.851637,
Jetson TK1,CPU,150,data,1922.4660396575928,2015-07-07 20:32:18.851637,
Jetson TK1,CPU,150,norm1,1494.858980178833,2015-07-07 20:32:18.851637,
Jetson TK1,GPU,200,mean step time,717.36037731170654,2015-07-07 20:32:53.199299,
Jetson TK1,GPU,200,loss,2.5740861892700195,2015-07-07 20:32:53.199299,
Jetson TK1,GPU,200,relu3,4.4710636138916016,2015-07-07 20:32:53.199299,
Jetson TK1,GPU,200,relu2,83.648681640625,2015-07-07 20:32:53.199299,
Jetson TK1,GPU,200,relu1,194.41092014312744,2015-07-07 20:32:53.199299,
Jetson TK1,GPU,200,conv3,51.775574684143066,2015-07-07 20:32:53.199299,
Jetson TK1,GPU,200,conv2,183.90798568725586,2015-07-07 20:32:53.199299,
Jetson TK1,GPU,200,conv1,244.64249610900879,2015-07-07 20:32:53.199299,
Jetson TK1,GPU,200,ip1,2.8274059295654297,2015-07-07 20:32:53.199299,
Jetson TK1,GPU,200,first step time,28893.97096633911,2015-07-07 20:32:53.199299,
Jetson TK1,GPU,200,norm2,56.269526481628418,2015-07-07 20:32:53.199299,
Jetson TK1,GPU,200,pool3,4.0354728698730469,2015-07-07 20:32:53.199299,
Jetson TK1,GPU,200,pool2,59.726715087890625,2015-07-07 20:32:53.199299,
Jetson TK1,GPU,200,pool1,232.78391361236572,2015-07-07 20:32:53.199299,
Jetson TK1,GPU,200,data,408.20050239562988,2015-07-07 20:32:53.199299,
Jetson TK1,GPU,200,norm1,216.54951572418213,2015-07-07 20:32:53.199299,
Jetson TK1,CPU,200,mean step time,6040.5380725860596,2015-07-07 20:37:58.011060,
Jetson TK1,CPU,200,loss,1.0116100311279297,2015-07-07 20:37:58.011060,
Jetson TK1,CPU,200,relu3,15.709042549133301,2015-07-07 20:37:58.011060,
Jetson TK1,CPU,200,relu2,614.77041244506836,2015-07-07 20:37:58.011060,
Jetson TK1,CPU,200,relu1,1998.5799789428711,2015-07-07 20:37:58.011060,
Jetson TK1,CPU,200,conv3,481.49359226226807,2015-07-07 20:37:58.011060,
Jetson TK1,CPU,200,conv2,1513.6920213699341,2015-07-07 20:37:58.011060,
Jetson TK1,CPU,200,conv1,2556.6560029983521,2015-07-07 20:37:58.011060,
Jetson TK1,CPU,200,ip1,2.8070211410522461,2015-07-07 20:37:58.011060,
Jetson TK1,CPU,200,first step time,261872.40719795227,2015-07-07 20:37:58.011060,
Jetson TK1,CPU,200,norm2,612.31100559234619,2015-07-07 20:37:58.011060,
Jetson TK1,CPU,200,pool3,9.8764896392822266,2015-07-07 20:37:58.011060,
Jetson TK1,CPU,200,pool2,624.05502796173096,2015-07-07 20:37:58.011060,
Jetson TK1,CPU,200,pool1,2154.3134450912476,2015-07-07 20:37:58.011060,
Jetson TK1,CPU,200,data,2578.7285566329956,2015-07-07 20:37:58.011060,
Jetson TK1,CPU,200,norm1,1987.6395463943481,2015-07-07 20:37:58.011060,
Jetson TK1,GPU,250,mean step time,882.35247135162354,2015-07-07 20:38:38.704360,
Jetson TK1,GPU,250,loss,4.1354894638061523,2015-07-07 20:38:38.704360,
Jetson TK1,GPU,250,relu3,5.8510303497314453,2015-07-07 20:38:38.704360,
Jetson TK1,GPU,250,relu2,100.77393054962158,2015-07-07 20:38:38.704360,
Jetson TK1,GPU,250,relu1,293.70880126953125,2015-07-07 20:38:38.704360,
Jetson TK1,GPU,250,conv3,64.262151718139648,2015-07-07 20:38:38.704360,
Jetson TK1,GPU,250,conv2,231.04763031005859,2015-07-07 20:38:38.704360,
Jetson TK1,GPU,250,conv1,340.89839458465576,2015-07-07 20:38:38.704360,
Jetson TK1,GPU,250,ip1,4.3425559997558594,2015-07-07 20:38:38.704360,
Jetson TK1,GPU,250,first step time,33836.10200881958,2015-07-07 20:38:38.704360,
Jetson TK1,GPU,250,norm2,73.885917663574219,2015-07-07 20:38:38.704360,
Jetson TK1,GPU,250,pool3,5.7204961776733398,2015-07-07 20:38:38.704360,
Jetson TK1,GPU,250,pool2,97.911477088928223,2015-07-07 20:38:38.704360,
Jetson TK1,GPU,250,pool1,276.74448490142822,2015-07-07 20:38:38.704360,
Jetson TK1,GPU,250,data,503.73697280883789,2015-07-07 20:38:38.704360,
Jetson TK1,GPU,250,norm1,248.16048145294189,2015-07-07 20:38:38.704360,
Jetson TK1,CPU,250,mean step time,7530.1564931869507,2015-07-07 20:44:57.968622,
Jetson TK1,CPU,250,loss,1.1359453201293945,2015-07-07 20:44:57.968622,
Jetson TK1,CPU,250,relu3,19.415020942687988,2015-07-07 20:44:57.968622,
Jetson TK1,CPU,250,relu2,783.96213054656982,2015-07-07 20:44:57.968622,
Jetson TK1,CPU,250,relu1,2501.4660358428955,2015-07-07 20:44:57.968622,
Jetson TK1,CPU,250,conv3,609.8254919052124,2015-07-07 20:44:57.968622,
Jetson TK1,CPU,250,conv2,1878.8135051727295,2015-07-07 20:44:57.968622,
Jetson TK1,CPU,250,conv1,3213.2014036178589,2015-07-07 20:44:57.968622,
Jetson TK1,CPU,250,ip1,3.2929182052612305,2015-07-07 20:44:57.968622,
Jetson TK1,CPU,250,first step time,325873.8281726837,2015-07-07 20:44:57.968622,
Jetson TK1,CPU,250,norm2,744.39799785614014,2015-07-07 20:44:57.968622,
Jetson TK1,CPU,250,pool3,12.151956558227539,2015-07-07 20:44:57.968622,
Jetson TK1,CPU,250,pool2,769.97804641723633,2015-07-07 20:44:57.968622,
Jetson TK1,CPU,250,pool1,2677.2165298461914,2015-07-07 20:44:57.968622,
Jetson TK1,CPU,250,data,3199.0629434585571,2015-07-07 20:44:57.968622,
Jetson TK1,CPU,250,norm1,2470.3999757766724,2015-07-07 20:44:57.968622,
Jetson TK1,GPU,300,mean step time,978.60455513000488,2015-07-07 20:45:44.528538,
Jetson TK1,GPU,300,loss,2.4654865264892578,2015-07-07 20:45:44.528538,
Jetson TK1,GPU,300,relu3,6.0935020446777344,2015-07-07 20:45:44.528538,
Jetson TK1,GPU,300,relu2,126.31464004516602,2015-07-07 20:45:44.528538,
Jetson TK1,GPU,300,relu1,282.70435333251953,2015-07-07 20:45:44.528538,
Jetson TK1,GPU,300,conv3,86.031079292297363,2015-07-07 20:45:44.528538,
Jetson TK1,GPU,300,conv2,263.85498046875,2015-07-07 20:45:44.528538,
Jetson TK1,GPU,300,conv1,370.23496627807617,2015-07-07 20:45:44.528538,
Jetson TK1,GPU,300,ip1,3.3310651779174805,2015-07-07 20:45:44.528538,
Jetson TK1,GPU,300,first step time,39070.273876190186,2015-07-07 20:45:44.528538,
Jetson TK1,GPU,300,norm2,101.44245624542236,2015-07-07 20:45:44.528538,
Jetson TK1,GPU,300,pool3,4.8830509185791016,2015-07-07 20:45:44.528538,
Jetson TK1,GPU,300,pool2,107.29396343231201,2015-07-07 20:45:44.528538,
Jetson TK1,GPU,300,pool1,299.61299896240234,2015-07-07 20:45:44.528538,
Jetson TK1,GPU,300,data,520.83253860473633,2015-07-07 20:45:44.528538,
Jetson TK1,GPU,300,norm1,321.89750671386719,2015-07-07 20:45:44.528538,
Jetson TK1,CPU,300,mean step time,9051.722526550293,2015-07-07 20:53:18.743700,
Jetson TK1,CPU,300,loss,1.4325380325317383,2015-07-07 20:53:18.743700,
Jetson TK1,CPU,300,relu3,31.330585479736328,2015-07-07 20:53:18.743700,
Jetson TK1,CPU,300,relu2,937.33799457550049,2015-07-07 20:53:18.743700,
Jetson TK1,CPU,300,relu1,3004.3455362319946,2015-07-07 20:53:18.743700,
Jetson TK1,CPU,300,conv3,716.18747711181641,2015-07-07 20:53:18.743700,
Jetson TK1,CPU,300,conv2,2244.9244260787964,2015-07-07 20:53:18.743700,
Jetson TK1,CPU,300,conv1,3846.0290431976318,2015-07-07 20:53:18.743700,
Jetson TK1,CPU,300,ip1,3.8579702377319336,2015-07-07 20:53:18.743700,
Jetson TK1,CPU,300,first step time,390133.7959766388,2015-07-07 20:53:18.743700,
Jetson TK1,CPU,300,norm2,902.68194675445557,2015-07-07 20:53:18.743700,
Jetson TK1,CPU,300,pool3,26.051044464111328,2015-07-07 20:53:18.743700,
Jetson TK1,CPU,300,pool2,918.63644123077393,2015-07-07 20:53:18.743700,
Jetson TK1,CPU,300,pool1,3225.8899211883545,2015-07-07 20:53:18.743700,
Jetson TK1,CPU,300,data,3852.9659509658813,2015-07-07 20:53:18.743700,
Jetson TK1,CPU,300,norm1,2983.4879636764526,2015-07-07 20:53:18.743700,
Jetson TK1,GPU,350,mean step time,1077.5079727172852,2015-07-07 20:54:11.606433,
Jetson TK1,GPU,350,loss,4.3774843215942383,2015-07-07 20:54:11.606433,
Jetson TK1,GPU,350,relu3,6.495356559753418,2015-07-07 20:54:11.606433,
Jetson TK1,GPU,350,relu2,108.46149921417236,2015-07-07 20:54:11.606433,
Jetson TK1,GPU,350,relu1,339.73848819732666,2015-07-07 20:54:11.606433,
Jetson TK1,GPU,350,conv3,91.898083686828613,2015-07-07 20:54:11.606433,
Jetson TK1,GPU,350,conv2,292.9149866104126,2015-07-07 20:54:11.606433,
Jetson TK1,GPU,350,conv1,421.57113552093506,2015-07-07 20:54:11.606433,
Jetson TK1,GPU,350,ip1,5.0388574600219727,2015-07-07 20:54:11.606433,
Jetson TK1,GPU,350,first step time,44814.818143844604,2015-07-07 20:54:11.606433,
Jetson TK1,GPU,350,norm2,117.70391464233398,2015-07-07 20:54:11.606433,
Jetson TK1,GPU,350,pool3,6.5139532089233398,2015-07-07 20:54:11.606433,
Jetson TK1,GPU,350,pool2,112.32388019561768,2015-07-07 20:54:11.606433,
Jetson TK1,GPU,350,pool1,340.64042568206787,2015-07-07 20:54:11.606433,
Jetson TK1,GPU,350,data,492.18285083770752,2015-07-07 20:54:11.606433,
Jetson TK1,GPU,350,norm1,318.38047504425049,2015-07-07 20:54:11.606433,
Jetson TK1,CPU,350,mean step time,10531.414389610291,2015-07-07 21:03:00.871512,
Jetson TK1,CPU,350,loss,1.4045238494873047,2015-07-07 21:03:00.871512,
Jetson TK1,CPU,350,relu3,26.776552200317383,2015-07-07 21:03:00.871512,
Jetson TK1,CPU,350,relu2,1114.5354509353638,2015-07-07 21:03:00.871512,
Jetson TK1,CPU,350,relu1,3491.5030002593994,2015-07-07 21:03:00.871512,
Jetson TK1,CPU,350,conv3,858.3674430847168,2015-07-07 21:03:00.871512,
Jetson TK1,CPU,350,conv2,2620.4739809036255,2015-07-07 21:03:00.871512,
Jetson TK1,CPU,350,conv1,4468.6851501464844,2015-07-07 21:03:00.871512,
Jetson TK1,CPU,350,ip1,4.4419765472412109,2015-07-07 21:03:00.871512,
Jetson TK1,CPU,350,first step time,454587.58902549744,2015-07-07 21:03:00.871512,
Jetson TK1,CPU,350,norm2,1056.9175481796265,2015-07-07 21:03:00.871512,
Jetson TK1,CPU,350,pool3,16.806483268737793,2015-07-07 21:03:00.871512,
Jetson TK1,CPU,350,pool2,1075.0304460525513,2015-07-07 21:03:00.871512,
Jetson TK1,CPU,350,pool1,3771.0539102554321,2015-07-07 21:03:00.871512,
Jetson TK1,CPU,350,data,4504.783034324646,2015-07-07 21:03:00.871512,
Jetson TK1,CPU,350,norm1,3490.5635118484497,2015-07-07 21:03:00.871512,
Jetson TK1,GPU,400,mean step time,1206.4865827560425,2015-07-07 21:04:00.974120,
Jetson TK1,GPU,400,loss,2.3169517517089844,2015-07-07 21:04:00.974120,
Jetson TK1,GPU,400,relu3,5.5775642395019531,2015-07-07 21:04:00.974120,
Jetson TK1,GPU,400,relu2,137.18593120574951,2015-07-07 21:04:00.974120,
Jetson TK1,GPU,400,relu1,385.0395679473877,2015-07-07 21:04:00.974120,
Jetson TK1,GPU,400,conv3,82.027435302734375,2015-07-07 21:04:00.974120,
Jetson TK1,GPU,400,conv2,340.24345874786377,2015-07-07 21:04:00.974120,
Jetson TK1,GPU,400,conv1,531.18240833282471,2015-07-07 21:04:00.974120,
Jetson TK1,GPU,400,ip1,2.9619932174682617,2015-07-07 21:04:00.974120,
Jetson TK1,GPU,400,first step time,50854.618072509766,2015-07-07 21:04:00.974120,
Jetson TK1,GPU,400,norm2,164.35539722442627,2015-07-07 21:04:00.974120,
Jetson TK1,GPU,400,pool3,4.3815374374389648,2015-07-07 21:04:00.974120,
Jetson TK1,GPU,400,pool2,158.34593772888184,2015-07-07 21:04:00.974120,
Jetson TK1,GPU,400,pool1,395.25496959686279,2015-07-07 21:04:00.974120,
Jetson TK1,GPU,400,data,518.13340187072754,2015-07-07 21:04:00.974120,
Jetson TK1,GPU,400,norm1,406.05700016021729,2015-07-07 21:04:00.974120,
Jetson TK1,CPU,400,mean step time,12046.110391616821,2015-07-07 21:14:05.789657,
Jetson TK1,CPU,400,loss,1.5619993209838867,2015-07-07 21:14:05.789657,
Jetson TK1,CPU,400,relu3,31.041502952575684,2015-07-07 21:14:05.789657,
Jetson TK1,CPU,400,relu2,1266.5150165557861,2015-07-07 21:14:05.789657,
Jetson TK1,CPU,400,relu1,3981.7525148391724,2015-07-07 21:14:05.789657,
Jetson TK1,CPU,400,conv3,972.86748886108398,2015-07-07 21:14:05.789657,
Jetson TK1,CPU,400,conv2,2996.8084096908569,2015-07-07 21:14:05.789657,
Jetson TK1,CPU,400,conv1,5100.9554862976074,2015-07-07 21:14:05.789657,
Jetson TK1,CPU,400,ip1,4.9974918365478516,2015-07-07 21:14:05.789657,
Jetson TK1,CPU,400,first step time,519836.797952652,2015-07-07 21:14:05.789657,
Jetson TK1,CPU,400,norm2,1192.5570964813232,2015-07-07 21:14:05.789657,
Jetson TK1,CPU,400,pool3,19.106507301330566,2015-07-07 21:14:05.789657,
Jetson TK1,CPU,400,pool2,1224.0074872970581,2015-07-07 21:14:05.789657,
Jetson TK1,CPU,400,pool1,4284.3869924545288,2015-07-07 21:14:05.789657,
Jetson TK1,CPU,400,data,5113.6095523834229,2015-07-07 21:14:05.789657,
Jetson TK1,CPU,400,norm1,3960.9825611114502,2015-07-07 21:14:05.789657,
Jetson TK1,GPU,450,mean step time,1332.8644037246704,2015-07-07 21:15:10.968113,
Jetson TK1,GPU,450,loss,3.1049251556396484,2015-07-07 21:15:10.968113,
Jetson TK1,GPU,450,relu3,6.182551383972168,2015-07-07 21:15:10.968113,
Jetson TK1,GPU,450,relu2,172.97542095184326,2015-07-07 21:15:10.968113,
Jetson TK1,GPU,450,relu1,414.64090347290039,2015-07-07 21:15:10.968113,
Jetson TK1,GPU,450,conv3,120.67997455596924,2015-07-07 21:15:10.968113,
Jetson TK1,GPU,450,conv2,367.04397201538086,2015-07-07 21:15:10.968113,
Jetson TK1,GPU,450,conv1,538.59901428222656,2015-07-07 21:15:10.968113,
Jetson TK1,GPU,450,ip1,3.138422966003418,2015-07-07 21:15:10.968113,
Jetson TK1,GPU,450,first step time,55167.495012283325,2015-07-07 21:15:10.968113,
Jetson TK1,GPU,450,norm2,156.54504299163818,2015-07-07 21:15:10.968113,
Jetson TK1,GPU,450,pool3,4.9310922622680664,2015-07-07 21:15:10.968113,
Jetson TK1,GPU,450,pool2,169.45147514343262,2015-07-07 21:15:10.968113,
Jetson TK1,GPU,450,pool1,415.67301750183105,2015-07-07 21:15:10.968113,
Jetson TK1,GPU,450,data,605.08453845977783,2015-07-07 21:15:10.968113,
Jetson TK1,GPU,450,norm1,400.53164958953857,2015-07-07 21:15:10.968113,
Jetson TK1,CPU,450,mean step time,13627.209424972534,2015-07-07 21:26:31.095303,
Jetson TK1,CPU,450,loss,1.6775131225585938,2015-07-07 21:26:31.095303,
Jetson TK1,CPU,450,relu3,34.226894378662109,2015-07-07 21:26:31.095303,
Jetson TK1,CPU,450,relu2,1420.4959869384766,2015-07-07 21:26:31.095303,
Jetson TK1,CPU,450,relu1,4513.2759809494019,2015-07-07 21:26:31.095303,
Jetson TK1,CPU,450,conv3,1098.3425378799438,2015-07-07 21:26:31.095303,
Jetson TK1,CPU,450,conv2,3378.2199621200562,2015-07-07 21:26:31.095303,
Jetson TK1,CPU,450,conv1,5775.9400606155396,2015-07-07 21:26:31.095303,
Jetson TK1,CPU,450,ip1,5.5905580520629883,2015-07-07 21:26:31.095303,
Jetson TK1,CPU,450,first step time,584110.6059551239,2015-07-07 21:26:31.095303,
Jetson TK1,CPU,450,norm2,1370.1480627059937,2015-07-07 21:26:31.095303,
Jetson TK1,CPU,450,pool3,21.301507949829102,2015-07-07 21:26:31.095303,
Jetson TK1,CPU,450,pool2,1374.5180368423462,2015-07-07 21:26:31.095303,
Jetson TK1,CPU,450,pool1,4853.3719778060913,2015-07-07 21:26:31.095303,
Jetson TK1,CPU,450,data,5764.9514675140381,2015-07-07 21:26:31.095303,
Jetson TK1,CPU,450,norm1,4466.7400121688843,2015-07-07 21:26:31.095303,
Jetson TK1,GPU,1,mean step time,24.832606315612793,2015-07-08 08:16:41.780220,
Jetson TK1,GPU,1,loss,5.0550699234008789,2015-07-08 08:16:41.780220,
Jetson TK1,GPU,1,relu3,4.8619508743286133,2015-07-08 08:16:41.780220,
Jetson TK1,GPU,1,relu2,13.278007507324219,2015-07-08 08:16:41.780220,
Jetson TK1,GPU,1,relu1,10.125517845153809,2015-07-08 08:16:41.780220,
Jetson TK1,GPU,1,conv3,7.4201822280883789,2015-07-08 08:16:41.780220,
Jetson TK1,GPU,1,conv2,12.485027313232422,2015-07-08 08:16:41.780220,
Jetson TK1,GPU,1,conv1,11.200547218322754,2015-07-08 08:16:41.780220,
Jetson TK1,GPU,1,ip1,6.5388679504394531,2015-07-08 08:16:41.780220,
Jetson TK1,GPU,1,first step time,997.3690509796143,2015-07-08 08:16:41.780220,
Jetson TK1,GPU,1,norm2,11.657476425170898,2015-07-08 08:16:41.780220,
Jetson TK1,GPU,1,pool3,8.4804296493530273,2015-07-08 08:16:41.780220,
Jetson TK1,GPU,1,pool2,12.12155818939209,2015-07-08 08:16:41.780220,
Jetson TK1,GPU,1,pool1,10.405063629150391,2015-07-08 08:16:41.780220,
Jetson TK1,GPU,1,data,9.9844932556152344,2015-07-08 08:16:41.780220,
Jetson TK1,GPU,1,norm1,14.404416084289551,2015-07-08 08:16:41.780220,
Jetson TK1,CPU,1,mean step time,30.784010887145996,2015-07-08 08:16:43.907840,
Jetson TK1,CPU,1,loss,0.45454502105712891,2015-07-08 08:16:43.907840,
Jetson TK1,CPU,1,relu3,0.5474090576171875,2015-07-08 08:16:43.907840,
Jetson TK1,CPU,1,relu2,3.6499500274658203,2015-07-08 08:16:43.907840,
Jetson TK1,CPU,1,relu1,10.701537132263184,2015-07-08 08:16:43.907840,
Jetson TK1,CPU,1,conv3,2.8815269470214844,2015-07-08 08:16:43.907840,
Jetson TK1,CPU,1,conv2,8.1256628036499023,2015-07-08 08:16:43.907840,
Jetson TK1,CPU,1,conv1,13.898015022277832,2015-07-08 08:16:43.907840,
Jetson TK1,CPU,1,ip1,0.48100948333740234,2015-07-08 08:16:43.907840,
Jetson TK1,CPU,1,first step time,1337.7430438995361,2015-07-08 08:16:43.907840,
Jetson TK1,CPU,1,norm2,3.4745931625366211,2015-07-08 08:16:43.907840,
Jetson TK1,CPU,1,pool3,0.65100193023681641,2015-07-08 08:16:43.907840,
Jetson TK1,CPU,1,pool2,3.5854578018188477,2015-07-08 08:16:43.907840,
Jetson TK1,CPU,1,pool1,11.345386505126953,2015-07-08 08:16:43.907840,
Jetson TK1,CPU,1,data,13.513922691345215,2015-07-08 08:16:43.907840,
Jetson TK1,CPU,1,norm1,10.645151138305664,2015-07-08 08:16:43.907840,
Jetson TK1,GPU,4,mean step time,22.813081741333008,2015-07-08 08:16:46.341561,
Jetson TK1,GPU,4,loss,3.3628940582275391,2015-07-08 08:16:46.341561,
Jetson TK1,GPU,4,relu3,4.6499967575073242,2015-07-08 08:16:46.341561,
Jetson TK1,GPU,4,relu2,6.6254138946533203,2015-07-08 08:16:46.341561,
Jetson TK1,GPU,4,relu1,10.23399829864502,2015-07-08 08:16:46.341561,
Jetson TK1,GPU,4,conv3,5.910038948059082,2015-07-08 08:16:46.341561,
Jetson TK1,GPU,4,conv2,9.8994970321655273,2015-07-08 08:16:46.341561,
Jetson TK1,GPU,4,conv1,17.672419548034668,2015-07-08 08:16:46.341561,
Jetson TK1,GPU,4,ip1,4.5344829559326172,2015-07-08 08:16:46.341561,
Jetson TK1,GPU,4,first step time,1694.2391395568848,2015-07-08 08:16:46.341561,
Jetson TK1,GPU,4,norm2,6.351470947265625,2015-07-08 08:16:46.341561,
Jetson TK1,GPU,4,pool3,4.6026706695556641,2015-07-08 08:16:46.341561,
Jetson TK1,GPU,4,pool2,6.4854621887207031,2015-07-08 08:16:46.341561,
Jetson TK1,GPU,4,pool1,9.1785192489624023,2015-07-08 08:16:46.341561,
Jetson TK1,GPU,4,data,11.637568473815918,2015-07-08 08:16:46.341561,
Jetson TK1,GPU,4,norm1,12.539029121398926,2015-07-08 08:16:46.341561,
Jetson TK1,CPU,4,mean step time,118.99042129516602,2015-07-08 08:16:52.973892,
Jetson TK1,CPU,4,loss,0.46551227569580078,2015-07-08 08:16:52.973892,
Jetson TK1,CPU,4,relu3,0.79548358917236328,2015-07-08 08:16:52.973892,
Jetson TK1,CPU,4,relu2,12.935519218444824,2015-07-08 08:16:52.973892,
Jetson TK1,CPU,4,relu1,40.203452110290527,2015-07-08 08:16:52.973892,
Jetson TK1,CPU,4,conv3,10.195493698120117,2015-07-08 08:16:52.973892,
Jetson TK1,CPU,4,conv2,30.335545539855957,2015-07-08 08:16:52.973892,
Jetson TK1,CPU,4,conv1,50.696492195129395,2015-07-08 08:16:52.973892,
Jetson TK1,CPU,4,ip1,0.52595138549804688,2015-07-08 08:16:52.973892,
Jetson TK1,CPU,4,first step time,5243.118047714233,2015-07-08 08:16:52.973892,
Jetson TK1,CPU,4,norm2,12.391924858093262,2015-07-08 08:16:52.973892,
Jetson TK1,CPU,4,pool3,0.66840648651123047,2015-07-08 08:16:52.973892,
Jetson TK1,CPU,4,pool2,12.631058692932129,2015-07-08 08:16:52.973892,
Jetson TK1,CPU,4,pool1,43.094992637634277,2015-07-08 08:16:52.973892,
Jetson TK1,CPU,4,data,51.236867904663086,2015-07-08 08:16:52.973892,
Jetson TK1,CPU,4,norm1,39.993047714233398,2015-07-08 08:16:52.973892,
Jetson TK1,GPU,100,mean step time,364.31241035461426,2015-07-08 08:17:10.972796,
Jetson TK1,GPU,100,loss,2.2600889205932617,2015-07-08 08:17:10.972796,
Jetson TK1,GPU,100,relu3,3.5430192947387695,2015-07-08 08:17:10.972796,
Jetson TK1,GPU,100,relu2,37.766695022583008,2015-07-08 08:17:10.972796,
Jetson TK1,GPU,100,relu1,97.245573997497559,2015-07-08 08:17:10.972796,
Jetson TK1,GPU,100,conv3,29.149055480957031,2015-07-08 08:17:10.972796,
Jetson TK1,GPU,100,conv2,123.84343147277832,2015-07-08 08:17:10.972796,
Jetson TK1,GPU,100,conv1,132.12549686431885,2015-07-08 08:17:10.972796,
Jetson TK1,GPU,100,ip1,2.716064453125,2015-07-08 08:17:10.972796,
Jetson TK1,GPU,100,first step time,15007.368087768555,2015-07-08 08:17:10.972796,
Jetson TK1,GPU,100,norm2,29.953598976135254,2015-07-08 08:17:10.972796,
Jetson TK1,GPU,100,pool3,3.2364130020141602,2015-07-08 08:17:10.972796,
Jetson TK1,GPU,100,pool2,35.739898681640625,2015-07-08 08:17:10.972796,
Jetson TK1,GPU,100,pool1,91.372489929199219,2015-07-08 08:17:10.972796,
Jetson TK1,GPU,100,data,202.60941982269287,2015-07-08 08:17:10.972796,
Jetson TK1,GPU,100,norm1,94.377994537353516,2015-07-08 08:17:10.972796,
Jetson TK1,CPU,100,mean step time,3014.4579410552979,2015-07-08 08:19:42.920629,
Jetson TK1,CPU,100,loss,0.7305145263671875,2015-07-08 08:19:42.920629,
Jetson TK1,CPU,100,relu3,8.1753730773925781,2015-07-08 08:19:42.920629,
Jetson TK1,CPU,100,relu2,305.36246299743652,2015-07-08 08:19:42.920629,
Jetson TK1,CPU,100,relu1,998.6419677734375,2015-07-08 08:19:42.920629,
Jetson TK1,CPU,100,conv3,239.27044868469238,2015-07-08 08:19:42.920629,
Jetson TK1,CPU,100,conv2,753.79157066345215,2015-07-08 08:19:42.920629,
Jetson TK1,CPU,100,conv1,1274.6150493621826,2015-07-08 08:19:42.920629,
Jetson TK1,CPU,100,ip1,1.739501953125,2015-07-08 08:19:42.920629,
Jetson TK1,CPU,100,first step time,130308.45093727112,2015-07-08 08:19:42.920629,
Jetson TK1,CPU,100,norm2,294.42453384399414,2015-07-08 08:19:42.920629,
Jetson TK1,CPU,100,pool3,5.4171085357666016,2015-07-08 08:19:42.920629,
Jetson TK1,CPU,100,pool2,319.77343559265137,2015-07-08 08:19:42.920629,
Jetson TK1,CPU,100,pool1,1074.9399662017822,2015-07-08 08:19:42.920629,
Jetson TK1,CPU,100,data,1278.9524793624878,2015-07-08 08:19:42.920629,
Jetson TK1,CPU,100,norm1,992.55597591400146,2015-07-08 08:19:42.920629,
Jetson TK1,GPU,256,mean step time,887.49456405639648,2015-07-08 08:20:23.304032,
Jetson TK1,GPU,256,loss,4.5969486236572266,2015-07-08 08:20:23.304032,
Jetson TK1,GPU,256,relu3,5.3195953369140625,2015-07-08 08:20:23.304032,
Jetson TK1,GPU,256,relu2,101.95207595825195,2015-07-08 08:20:23.304032,
Jetson TK1,GPU,256,relu1,276.04150772094727,2015-07-08 08:20:23.304032,
Jetson TK1,GPU,256,conv3,70.458531379699707,2015-07-08 08:20:23.304032,
Jetson TK1,GPU,256,conv2,241.59896373748779,2015-07-08 08:20:23.304032,
Jetson TK1,GPU,256,conv1,347.46396541595459,2015-07-08 08:20:23.304032,
Jetson TK1,GPU,256,ip1,4.454493522644043,2015-07-08 08:20:23.304032,
Jetson TK1,GPU,256,first step time,33522.04084396362,2015-07-08 08:20:23.304032,
Jetson TK1,GPU,256,norm2,84.759950637817383,2015-07-08 08:20:23.304032,
Jetson TK1,GPU,256,pool3,4.9930810928344727,2015-07-08 08:20:23.304032,
Jetson TK1,GPU,256,pool2,95.979928970336914,2015-07-08 08:20:23.304032,
Jetson TK1,GPU,256,pool1,301.24545097351074,2015-07-08 08:20:23.304032,
Jetson TK1,GPU,256,data,480.60452938079834,2015-07-08 08:20:23.304032,
Jetson TK1,GPU,256,norm1,240.45145511627197,2015-07-08 08:20:23.304032,
Jetson TK1,CPU,256,mean step time,7718.546986579895,2015-07-08 08:26:50.550352,
Jetson TK1,CPU,256,loss,1.1539459228515625,2015-07-08 08:26:50.550352,
Jetson TK1,CPU,256,relu3,19.869446754455566,2015-07-08 08:26:50.550352,
Jetson TK1,CPU,256,relu2,802.19757556915283,2015-07-08 08:26:50.550352,
Jetson TK1,CPU,256,relu1,2545.6556081771851,2015-07-08 08:26:50.550352,
Jetson TK1,CPU,256,conv3,630.30195236206055,2015-07-08 08:26:50.550352,
Jetson TK1,CPU,256,conv2,1920.3054904937744,2015-07-08 08:26:50.550352,
Jetson TK1,CPU,256,conv1,3269.3259716033936,2015-07-08 08:26:50.550352,
Jetson TK1,CPU,256,ip1,3.3689737319946289,2015-07-08 08:26:50.550352,
Jetson TK1,CPU,256,first step time,332514.6849155426,2015-07-08 08:26:50.550352,
Jetson TK1,CPU,256,norm2,754.30965423583984,2015-07-08 08:26:50.550352,
Jetson TK1,CPU,256,pool3,12.462019920349121,2015-07-08 08:26:50.550352,
Jetson TK1,CPU,256,pool2,787.20498085021973,2015-07-08 08:26:50.550352,
Jetson TK1,CPU,256,pool1,2758.527398109436,2015-07-08 08:26:50.550352,
Jetson TK1,CPU,256,data,3276.0969400405884,2015-07-08 08:26:50.550352,
Jetson TK1,CPU,256,norm1,2550.4770278930664,2015-07-08 08:26:50.550352,
